{
	"files": [

	],
	"folders": {
		"Characters": {
			"files": [
				"character-1650049399.json",
				"character-1650727920.json",
				"character-1650738001.json",
				"character-1651009730.json",
				"character-1651027319.json"
			],
			"folders": {

			},
			"metadata": {
				"color": null,
				"folded": true
			}
		},
		"Definitions": {
			"files": [

			],
			"folders": {

			},
			"metadata": {
				"color": null,
				"folded": false
			}
		},
		"Themes": {
			"files": [
				"default-theme.cfg"
			],
			"folders": {

			},
			"metadata": {
				"color": null,
				"folded": false
			}
		},
		"Timelines": {
			"files": [
				"timeline-1650049422.json",
				"timeline-1650727945.json",
				"timeline-1650738021.json",
				"timeline-1651009761.json",
				"timeline-1651027337.json"
			],
			"folders": {

			},
			"metadata": {
				"color": null,
				"folded": false
			}
		}
	}
}
