{
	"events": [
		{
			"character": "character-1650727920.json",
			"event_id": "dialogic_001",
			"portrait": "",
			"text": "Hello Adventurer. Welcome to your next puzzle!\nThis puzzle will be similar to the second puzzle."
		},
		{
			"character": "character-1650727920.json",
			"event_id": "dialogic_010",
			"options": [

			],
			"portrait": "",
			"question": "Which ariety/operator is used when only if choice 1 and choice 2 is True the result is True?"
		},
		{
			"choice": "AND",
			"condition": "",
			"definition": "",
			"event_id": "dialogic_011",
			"value": ""
		},
		{
			"character": "character-1650727920.json",
			"event_id": "dialogic_001",
			"portrait": "",
			"text": "Thats is correct.!\nThe AND statement requieres both choices to be true at the same time."
		},
		{
			"character": "character-1650727920.json",
			"event_id": "dialogic_001",
			"portrait": "",
			"text": "Congrats you completed this puzzle.\nContinue with your adventure!\nGood Luck!"
		},
		{
			"choice": "ExclusiveOR",
			"condition": "",
			"definition": "",
			"event_id": "dialogic_011",
			"value": ""
		},
		{
			"character": "character-1650727920.json",
			"event_id": "dialogic_001",
			"portrait": "",
			"text": "That is wrong.\nThe EXCLUSIVEOR statement implies that only one of them can be right."
		},
		{
			"choice": "OR",
			"condition": "",
			"definition": "",
			"event_id": "dialogic_011",
			"value": ""
		},
		{
			"character": "character-1650727920.json",
			"event_id": "dialogic_001",
			"portrait": "",
			"text": "That is incorrect.\nan OR statement implies that at least one statement is true."
		},
		{
			"choice": "Bi-Conditional",
			"condition": "",
			"definition": "",
			"event_id": "dialogic_011",
			"value": ""
		},
		{
			"character": "character-1650727920.json",
			"event_id": "dialogic_001",
			"portrait": "",
			"text": "That is incorrect.\nThe Bi-Conditional statement implies that the outcome is true if both choices are similar.\nIf A and B are true the statement is true, if both statements are false the outcome is true."
		},
		{
			"event_id": "dialogic_013"
		},
		{
			"event_id": "dialogic_022",
			"transition_duration": 1
		}
	],
	"metadata": {
		"dialogic-version": "1.4.1",
		"file": "timeline-1650727945.json",
		"name": "timeline-2"
	}
}
