{
	"events": [
		{
			"character": "character-1650738001.json",
			"event_id": "dialogic_001",
			"portrait": "",
			"text": "Hello! \nWelcome to your new puzzle as stated before these are going to become more difficult."
		},
		{
			"character": "character-1650738001.json",
			"event_id": "dialogic_010",
			"options": [

			],
			"portrait": "",
			"question": "Which symbol gives the opposite value in a Truth Table? "
		},
		{
			"choice": "ExclusiveOR",
			"condition": "",
			"definition": "",
			"event_id": "dialogic_011",
			"value": ""
		},
		{
			"character": "character-1650738001.json",
			"event_id": "dialogic_001",
			"portrait": "",
			"text": "That is incorrect.\nThe ExclusiveOR statement is used whenever the statements are different so if one is true the other is false."
		},
		{
			"choice": "AND",
			"condition": "",
			"definition": "",
			"event_id": "dialogic_011",
			"value": ""
		},
		{
			"character": "character-1650738001.json",
			"event_id": "dialogic_001",
			"portrait": "",
			"text": "That is incorrect.\nThe AND symbol is mainly used for if one statement is true and the other is true then the outcome is also true."
		},
		{
			"choice": "Negation",
			"condition": "",
			"definition": "",
			"event_id": "dialogic_011",
			"value": ""
		},
		{
			"character": "character-1650738001.json",
			"event_id": "dialogic_001",
			"portrait": "",
			"text": "That is correct.\nThe negation symbol turns any given value in to the opposite "
		},
		{
			"character": "character-1650738001.json",
			"event_id": "dialogic_001",
			"portrait": "",
			"text": "You need 2 more tasks and your adventure will be completed.\nGood Luck!"
		},
		{
			"choice": "OR",
			"condition": "",
			"definition": "",
			"event_id": "dialogic_011",
			"value": ""
		},
		{
			"character": "character-1650738001.json",
			"event_id": "dialogic_001",
			"portrait": "",
			"text": "That is incorrect.\nThe OR symbol is used when at least one statement is true."
		},
		{
			"event_id": "dialogic_013"
		},
		{
			"event_id": "dialogic_022",
			"transition_duration": 1
		}
	],
	"metadata": {
		"dialogic-version": "1.4.1",
		"file": "timeline-1650738021.json",
		"name": "timeline-3"
	}
}
