{
	"events": [
		{
			"character": "character-1651027319.json",
			"event_id": "dialogic_001",
			"portrait": "",
			"text": "Welcome to your final puzzle.\nBased on your knowledge of logic operators and truth tables\nthis is the final test."
		},
		{
			"character": "character-1651027319.json",
			"event_id": "dialogic_010",
			"options": [

			],
			"portrait": "",
			"question": "What is the missing symbol in this truth table?"
		},
		{
			"choice": "AND",
			"condition": "",
			"definition": "",
			"event_id": "dialogic_011",
			"value": ""
		},
		{
			"character": "character-1651027319.json",
			"event_id": "dialogic_001",
			"portrait": "",
			"text": "The AND statement implies that both need to be true at the same time.\nPlease try again."
		},
		{
			"choice": "OR",
			"condition": "",
			"definition": "",
			"event_id": "dialogic_011",
			"value": ""
		},
		{
			"character": "character-1651027319.json",
			"event_id": "dialogic_001",
			"portrait": "",
			"text": "The OR statement implies that at least one has to be true.\nPlease try again."
		},
		{
			"choice": "ExclusiveOr",
			"condition": "",
			"definition": "",
			"event_id": "dialogic_011",
			"value": ""
		},
		{
			"character": "character-1651027319.json",
			"event_id": "dialogic_001",
			"portrait": "",
			"text": "Wrong.\nXOR implies that only one can be true.\nPlease try again."
		},
		{
			"choice": "Bi-Conditional",
			"condition": "",
			"definition": "",
			"event_id": "dialogic_011",
			"value": ""
		},
		{
			"character": "character-1651027319.json",
			"event_id": "dialogic_001",
			"portrait": "",
			"text": "That is correct.\nWhen looking at this truth table we only need to focus on the negation part of it to get our answer\nA Bi-Conditional statement implies that both choices need to be similar."
		},
		{
			"character": "character-1651027319.json",
			"event_id": "dialogic_001",
			"portrait": "",
			"text": "Congratulations! \nYou have completed this adventure.\nReturn to the spawn point and scape."
		},
		{
			"event_id": "dialogic_013"
		},
		{
			"event_id": "dialogic_022",
			"transition_duration": 1
		}
	],
	"metadata": {
		"dialogic-version": "1.4.1",
		"file": "timeline-1651027337.json",
		"name": "timeline-5"
	}
}
