{
	"events": [
		{
			"character": "character-1651009730.json",
			"event_id": "dialogic_001",
			"portrait": "",
			"text": "Welcome to your 4th puzzle. \nThis puzzle will be different. You will need to look at the truth table by me.\nYou will need to identify what symbol is missing."
		},
		{
			"character": "character-1651009730.json",
			"event_id": "dialogic_010",
			"options": [

			],
			"portrait": "",
			"question": "What is the missing symbol?"
		},
		{
			"choice": "AND",
			"condition": "",
			"definition": "",
			"event_id": "dialogic_011",
			"value": ""
		},
		{
			"character": "character-1651009730.json",
			"event_id": "dialogic_001",
			"portrait": "",
			"text": "This is not correct\nThe AND statement implies that they are both true at the same time."
		},
		{
			"choice": "OR",
			"condition": "",
			"definition": "",
			"event_id": "dialogic_011",
			"value": ""
		},
		{
			"character": "character-1651009730.json",
			"event_id": "dialogic_001",
			"portrait": "",
			"text": "This is correct!\nThe OR statement implies that at least one has to be true."
		},
		{
			"character": "character-1651009730.json",
			"event_id": "dialogic_001",
			"portrait": "",
			"text": "You only need one more puzzle and your adventure will be completed."
		},
		{
			"choice": "ExclusiveOR",
			"condition": "",
			"definition": "",
			"event_id": "dialogic_011",
			"value": ""
		},
		{
			"character": "character-1651009730.json",
			"event_id": "dialogic_001",
			"portrait": "",
			"text": "This is incorrect.\nThe ExclusiveOR statement implies that only one can be true"
		},
		{
			"choice": "Bi-Conditional",
			"condition": "",
			"definition": "",
			"event_id": "dialogic_011",
			"value": ""
		},
		{
			"character": "character-1651009730.json",
			"event_id": "dialogic_001",
			"portrait": "",
			"text": "This is incorrect.\nThe Bi-Conditional statement implies that both choices need to be similar. Another way to see it is if both are true then its true, if both are false then its true."
		},
		{
			"event_id": "dialogic_013"
		},
		{
			"event_id": "dialogic_022",
			"transition_duration": 1
		}
	],
	"metadata": {
		"dialogic-version": "1.4.1",
		"file": "timeline-1651009761.json",
		"name": "timeline-4"
	}
}
