{
	"events": [
		{
			"character": "character-1650049399.json",
			"event_id": "dialogic_001",
			"portrait": "",
			"text": "Hello! I have a new adventure for you.\n You will be tasked with completing 5 puzzles in order to move on!\nThese puzzles will go over the basics of logic fundamentals such as truth tables.\nYour first puzzle"
		},
		{
			"character": "character-1650049399.json",
			"event_id": "dialogic_010",
			"options": [

			],
			"portrait": "",
			"question": "What is the Ariety that is \"true until proven guilty\"?"
		},
		{
			"choice": "AND",
			"condition": "==",
			"definition": "",
			"event_id": "dialogic_011",
			"value": "False"
		},
		{
			"character": "character-1650049399.json",
			"event_id": "dialogic_001",
			"portrait": "",
			"text": "Wrong Answer\nThe AND statement is used whenever both statements are the same so if one is true and the other is true then its outcome is true as well. "
		},
		{
			"choice": "OR",
			"condition": "==",
			"definition": "",
			"event_id": "dialogic_011",
			"value": "False"
		},
		{
			"character": "character-1650049399.json",
			"event_id": "dialogic_001",
			"portrait": "",
			"text": "Wrong Answer\nThe OR statement implies that at least one statement is true."
		},
		{
			"choice": "XOR",
			"condition": "==",
			"definition": "",
			"event_id": "dialogic_011",
			"value": "False"
		},
		{
			"character": "character-1650049399.json",
			"event_id": "dialogic_001",
			"portrait": "",
			"text": "Wrong Answer\nThe ExclusiveOR statement is used whenever the statements are different so if one is true the other is false."
		},
		{
			"choice": "Implication(IF)",
			"condition": "",
			"definition": "",
			"event_id": "dialogic_011",
			"value": ""
		},
		{
			"character": "character-1650049399.json",
			"event_id": "dialogic_001",
			"portrait": "",
			"text": "Correct!\nWith Implication statements one cannot say its false but we won't have evidence that says otherwise."
		},
		{
			"character": "character-1650049399.json",
			"event_id": "dialogic_001",
			"portrait": "",
			"text": "Good Luck in your adventure.!"
		},
		{
			"event_id": "dialogic_013"
		},
		{
			"event_id": "dialogic_022",
			"transition_duration": 1
		}
	],
	"metadata": {
		"dialogic-version": "1.4.1",
		"file": "timeline-1650049422.json",
		"name": "timeline-1"
	}
}
